"","ID","nName","nodeDegree","nodeBetweenness"
"Kabul",0,"Kabul",1,0
"Yakawlang",1,"Yakawlang",1,0
"Khodja Baha ud din",2,"Khodja Baha ud din",1,0
"Unknown",3,"Unknown",1,0
"Khost",4,"Khost",1,0
"Ghazni",5,"Ghazni",1,0
"Jalalabad",6,"Jalalabad",1,0
"Kandahar",7,"Kandahar",1,0
"Panjwai district",8,"Panjwai district",1,0
"Spin Boldak",9,"Spin Boldak",1,0
"Lashkar Gah",10,"Lashkar Gah",1,0
"Bala Murghab",11,"Bala Murghab",1,0
"Shahjoy district",12,"Shahjoy district",1,0
"Kajaki",13,"Kajaki",1,0
"Lalmi",14,"Lalmi",1,0
"Sheikhabad",15,"Sheikhabad",1,0
"Ghorak district",16,"Ghorak district",1,0
"Chahar Bagh",17,"Chahar Bagh",1,0
"Disho",18,"Disho",1,0
"Dagu",19,"Dagu",1,0
"Shah Wali Kot District",20,"Shah Wali Kot District",1,0
"Muqur district",21,"Muqur district",1,0
"Jadran district",22,"Jadran district",1,0
"Oz Khushk",23,"Oz Khushk",1,0
"Sangin",24,"Sangin",1,0
"Gardez",25,"Gardez",1,0
"Qalat",26,"Qalat",1,0
"Shakin",27,"Shakin",1,0
"Spin Ghabargah",28,"Spin Ghabargah",1,0
"Khakrez",29,"Khakrez",1,0
"Barmal",30,"Barmal",1,0
"Delaram",31,"Delaram",1,0
"Panjwai",32,"Panjwai",1,0
"Khair Khana",33,"Khair Khana",1,0
"Qades District",34,"Qades District",1,0
"Mizan",35,"Mizan",1,0
"Spin Boldak district",36,"Spin Boldak district",1,0
"Khas Uruzgan",37,"Khas Uruzgan",1,0
"Bila Khel",38,"Bila Khel",1,0
"Khak-e Afghan",39,"Khak-e Afghan",1,0
"Mihtarlam",40,"Mihtarlam",1,0
"Puli Alam",41,"Puli Alam",1,0
"Faizabad",42,"Faizabad",1,0
"Tarin Kot",43,"Tarin Kot",1,0
"Sarabzel",44,"Sarabzel",1,0
"Reg district",45,"Reg district",1,0
"Shewan",46,"Shewan",1,0
"Sar Marda",47,"Sar Marda",1,0
"Char Chinah",48,"Char Chinah",1,0
"Chakul",49,"Chakul",1,0
"Nomesh",50,"Nomesh",1,0
"Panjwayi",51,"Panjwayi",1,0
"Asadabad",52,"Asadabad",1,0
"Maywand district",53,"Maywand district",1,0
"Yaqubi",54,"Yaqubi",1,0
"Dand",55,"Dand",1,0
"Disho district",56,"Disho district",1,0
"Daylanor",57,"Daylanor",1,0
"Shindand district",58,"Shindand district",1,0
"Karez",59,"Karez",1,0
"Mullah Masaud",60,"Mullah Masaud",1,0
"Arghistan district",61,"Arghistan district",1,0
"Sharan",62,"Sharan",1,0
"Charchino district",63,"Charchino district",1,0
"Anar Shela",64,"Anar Shela",1,0
"Mazu",65,"Mazu",1,0
"Nazar Kheil",66,"Nazar Kheil",1,0
"Botakhel",67,"Botakhel",1,0
"Hazar Juft",68,"Hazar Juft",1,0
"Nawzad",69,"Nawzad",1,0
"Bahram Chah",70,"Bahram Chah",1,0
"Bak district",71,"Bak district",1,0
"Sangin district",72,"Sangin district",1,0
"Gereshk",73,"Gereshk",1,0
"Shah Wali Kot district",74,"Shah Wali Kot district",1,0
"Nad Ali district",75,"Nad Ali district",1,0
"Gulistan district",76,"Gulistan district",1,0
"Musa Qala district",77,"Musa Qala district",1,0
"Ghanikhel",78,"Ghanikhel",1,0
"Bala Baluk district",79,"Bala Baluk district",1,0
"Char Borjak",80,"Char Borjak",1,0
"Andar district",81,"Andar district",1,0
"Nawa-i-Barakzayi district",82,"Nawa-i-Barakzayi district",1,0
"Nadir Shah Kot district",83,"Nadir Shah Kot district",1,0
"Farah",84,"Farah",1,0
"Khash Rod district",85,"Khash Rod district",1,0
"Garmser district",86,"Garmser district",1,0
"Herat",87,"Herat",1,0
"Ismail Khel",88,"Ismail Khel",1,0
"Barmal district",89,"Barmal district",1,0
"Yosuf Khel district",90,"Yosuf Khel district",1,0
"Waygal district",91,"Waygal district",1,0
"Alishing",92,"Alishing",1,0
"Zahri district",93,"Zahri district",1,0
"Baghran district",94,"Baghran district",1,0
"Hawz Madad",95,"Hawz Madad",1,0
"Alishing district",96,"Alishing district",1,0
"Akhundkhel",97,"Akhundkhel",1,0
"Giro district",98,"Giro district",1,0
"Khogyani district",99,"Khogyani district",1,0
"Yawalak Tangi",100,"Yawalak Tangi",1,0
"Shah Joy district",101,"Shah Joy district",1,0
"Puli Khumri",102,"Puli Khumri",1,0
"Korangal",103,"Korangal",1,0
"Dangam district",104,"Dangam district",1,0
"Baghran",105,"Baghran",1,0
"Khan Shine",106,"Khan Shine",1,0
"Wazakhwa district",107,"Wazakhwa district",1,0
"Bakwa",108,"Bakwa",1,0
"Shinkay district",109,"Shinkay district",1,0
"Qalandar",110,"Qalandar",1,0
"Hasan Karez",111,"Hasan Karez",1,0
"Masayi",112,"Masayi",1,0
"Gomal district",113,"Gomal district",1,0
"Khogyani",114,"Khogyani",1,0
"Urgun",115,"Urgun",1,0
"Taloqan",116,"Taloqan",1,0
"Haji Amin Kalay",117,"Haji Amin Kalay",1,0
"Bagram Air Field",118,"Bagram Air Field",1,0
"Bakwa district",119,"Bakwa district",1,0
"Shambawat",120,"Shambawat",1,0
"Ab-e Khorma",121,"Ab-e Khorma",1,0
"Loy Wala",122,"Loy Wala",1,0
"Basram",123,"Basram",1,0
"Wama district",124,"Wama district",1,0
"Zurmat district",125,"Zurmat district",1,0
"Shamulzayi district",126,"Shamulzayi district",1,0
"Ad Band district",127,"Ad Band district",1,0
"Kunduz",128,"Kunduz",1,0
"Yahya Khel district",129,"Yahya Khel district",1,0
"Tirin Kot district",130,"Tirin Kot district",1,0
"Sangi Sar",131,"Sangi Sar",1,0
"Dawud Kala",132,"Dawud Kala",1,0
"Miri",133,"Miri",1,0
"Nirkh district",134,"Nirkh district",1,0
"Daychopan district",135,"Daychopan district",1,0
"Nahrin district",136,"Nahrin district",1,0
"Qarabagh district",137,"Qarabagh district",1,0
"Karany",138,"Karany",1,0
"Murghab district",139,"Murghab district",1,0
"Gorbaz",140,"Gorbaz",1,0
"Mizan district",141,"Mizan district",1,0
"Ajristan",142,"Ajristan",1,0
"Rashidan district",143,"Rashidan district",1,0
"Butkhana",144,"Butkhana",1,0
"Shahr-e Safa",145,"Shahr-e Safa",1,0
"Shwak",146,"Shwak",1,0
"Manogay",147,"Manogay",1,0
"Bak",148,"Bak",1,0
"Babur",149,"Babur",1,0
"Hazarat",150,"Hazarat",1,0
"Nijrab district",151,"Nijrab district",1,0
"Ab Band",152,"Ab Band",1,0
"Nad Ali",153,"Nad Ali",1,0
"Maydan Shahr",154,"Maydan Shahr",1,0
"Charwarkhel",155,"Charwarkhel",1,0
"Godaley",156,"Godaley",1,0
"Chaparhar district",157,"Chaparhar district",1,0
"Shahidi Hasas district",158,"Shahidi Hasas district",1,0
"Sayid Karam district",159,"Sayid Karam district",1,0
"Jalai district",160,"Jalai district",1,0
"Dihrawud district",161,"Dihrawud district",1,0
"Ghoryan district",162,"Ghoryan district",1,0
"Zaranj",163,"Zaranj",1,0
"Ataghar",164,"Ataghar",1,0
"Paghman",165,"Paghman",1,0
"Jaghatu district",166,"Jaghatu district",1,0
"Deh Sala district",167,"Deh Sala district",1,0
"Ghorghory",168,"Ghorghory",1,0
"Bakhsh Abad",169,"Bakhsh Abad",1,0
"Askarkot",170,"Askarkot",1,0
"Kohi Safi district",171,"Kohi Safi district",1,0
"Kala Zal",172,"Kala Zal",1,0
"Nad Ali District",173,"Nad Ali District",1,0
"Sabari district",174,"Sabari district",1,0
"Tere Zayi district",175,"Tere Zayi district",1,0
"Gozarah district",176,"Gozarah district",1,0
"Ayuba",177,"Ayuba",1,0
"Chahar Bolak district",178,"Chahar Bolak district",1,0
"Zakar Khel",179,"Zakar Khel",1,0
"Mazari Sharif",180,"Mazari Sharif",1,0
"Kalata-i-Nazar",181,"Kalata-i-Nazar",1,0
"Chahar Dara district",182,"Chahar Dara district",1,0
"Gari",183,"Gari",1,0
"Mandisar",184,"Mandisar",1,0
"Khash Rod",185,"Khash Rod",1,0
"Qaysar",186,"Qaysar",1,0
"",187,"",1,0
"Raken",188,"Raken",1,0
"Waz-i-Jadran",189,"Waz-i-Jadran",1,0
"Muhmand Dara district",190,"Muhmand Dara district",1,0
"Shinkay",191,"Shinkay",1,0
"Khak Chopan",192,"Khak Chopan",1,0
"Asmar",193,"Asmar",1,0
"Zaneh Khan",194,"Zaneh Khan",1,0
"Rodat district",195,"Rodat district",1,0
"Andar",196,"Andar",1,0
"Khurwar",197,"Khurwar",1,0
"Arghandab",198,"Arghandab",1,0
"Ali Shir",199,"Ali Shir",1,0
"Nawrozkhel",200,"Nawrozkhel",1,0
"Lash Wa Juwayn",201,"Lash Wa Juwayn",1,0
"Qarghayi",202,"Qarghayi",1,0
"Qala-i Khan",203,"Qala-i Khan",1,0
"Zarghun Shahr district",204,"Zarghun Shahr district",1,0
"Dihrawud",205,"Dihrawud",1,0
"Sar Hawza district",206,"Sar Hawza district",1,0
"Dangam",207,"Dangam",1,0
"Khala",208,"Khala",1,0
"Shahark district",209,"Shahark district",1,0
"Tatank",210,"Tatank",1,0
"Chawkay",211,"Chawkay",1,0
"Sardar",212,"Sardar",1,0
"Sholgara",213,"Sholgara",1,0
"Khas Kunar",214,"Khas Kunar",1,0
"Ghorak",215,"Ghorak",1,0
"Kandikhel",216,"Kandikhel",1,0
"Puli Khumri district",217,"Puli Khumri district",1,0
"Maywand",218,"Maywand",1,0
"Waghaz",219,"Waghaz",1,0
"Dwahmande",220,"Dwahmande",1,0
"Shirin Tagab",221,"Shirin Tagab",1,0
"Moqori",222,"Moqori",1,0
"Bati Kot district",223,"Bati Kot district",1,0
"Dand Wa Patan",224,"Dand Wa Patan",1,0
"Khayr Kot",225,"Khayr Kot",1,0
"Chaharikar",226,"Chaharikar",1,0
"Sori",227,"Sori",1,0
"Chanjeer",228,"Chanjeer",1,0
"Karzai Kotal",229,"Karzai Kotal",1,0
"Karim Daad",230,"Karim Daad",1,0
"Sabari",231,"Sabari",1,0
"Shamulzayi",232,"Shamulzayi",1,0
"Haskah Mena",233,"Haskah Mena",1,0
"Syuri",234,"Syuri",1,0
"Surobi",235,"Surobi",1,0
"Sayadan",236,"Sayadan",1,0
"Gozarah",237,"Gozarah",1,0
"Alchin",238,"Alchin",1,0
"Qarabagh",239,"Qarabagh",1,0
"Abu Qala",240,"Abu Qala",1,0
"Garmser",241,"Garmser",1,0
"Taywara",242,"Taywara",1,0
"Muhammad Agha",243,"Muhammad Agha",1,0
"Chichkeh",244,"Chichkeh",1,0
"Spin Ghar",245,"Spin Ghar",1,0
"Bargi Matal",246,"Bargi Matal",1,0
"Syah Koshah",247,"Syah Koshah",1,0
"Baghlan",248,"Baghlan",1,0
"Baharak",249,"Baharak",1,0
"Tani",250,"Tani",1,0
"Darah ye Nur",251,"Darah ye Nur",1,0
"Bish Ara",252,"Bish Ara",1,0
"Muqur",253,"Muqur",1,0
"Shah Joy",254,"Shah Joy",1,0
"Sayid Karam",255,"Sayid Karam",1,0
"Dih Sabz",256,"Dih Sabz",1,0
"Mingajik",257,"Mingajik",1,0
"Aqcha district",258,"Aqcha district",1,0
"Imam Sahib",259,"Imam Sahib",1,0
"Yahya Khel",260,"Yahya Khel",1,0
"Jani Khel",261,"Jani Khel",1,0
"Deh-Jawz",262,"Deh-Jawz",1,0
"Sherzad district",263,"Sherzad district",1,0
"Chora",264,"Chora",1,0
"Nadir Shah Kot",265,"Nadir Shah Kot",1,0
"Mandowzi",266,"Mandowzi",1,0
"Murghab",267,"Murghab",1,0
"Nijrab",268,"Nijrab",1,0
"Chahar Dara",269,"Chahar Dara",1,0
"Ziruk",270,"Ziruk",1,0
"Khanabad",271,"Khanabad",1,0
"Pusht Rod",272,"Pusht Rod",1,0
"Alishang",273,"Alishang",1,0
"Sher Baik",274,"Sher Baik",1,0
"Chahar Bolak",275,"Chahar Bolak",1,0
"Takhta Pul",276,"Takhta Pul",1,0
"Dwah Mande",277,"Dwah Mande",1,0
"Dawlatabad",278,"Dawlatabad",1,0
"Gizab",279,"Gizab",1,0
"Dashti Archi district",280,"Dashti Archi district",1,0
"Nahri Saraj district",281,"Nahri Saraj district",1,0
"Marja",282,"Marja",1,0
"Qades",283,"Qades",1,0
"Lakan",284,"Lakan",1,0
"Dashti Archi",285,"Dashti Archi",1,0
"Surkh Rod",286,"Surkh Rod",1,0
"Arghastan",287,"Arghastan",1,0
"Kishim",288,"Kishim",1,0
"Sirkanay",289,"Sirkanay",1,0
"Shurandam",290,"Shurandam",1,0
"Aab Kamra",291,"Aab Kamra",1,0
"Chamkani district",292,"Chamkani district",1,0
"Dahana-i-Ghuri",293,"Dahana-i-Ghuri",1,0
"Waghaz district",294,"Waghaz district",1,0
"Kishindih district",295,"Kishindih district",1,0
"Aq Tapa",296,"Aq Tapa",1,0
"Alingar",297,"Alingar",1,0
"Rabat-i-Sangi district",298,"Rabat-i-Sangi district",1,0
"Baraki Barak",299,"Baraki Barak",1,0
"Char Tut",300,"Char Tut",1,0
"Charkh",301,"Charkh",1,0
"Baghlani Jadid district",302,"Baghlani Jadid district",1,0
"Dawlatabad district",303,"Dawlatabad district",1,0
"Dehak",304,"Dehak",1,0
"Ghoryan",305,"Ghoryan",1,0
"Baghlan district",306,"Baghlan district",1,0
"Borka",307,"Borka",1,0
"Tala Bepak",308,"Tala Bepak",1,0
"Balkh",309,"Balkh",1,0
"Chemtal",310,"Chemtal",1,0
"Nahri Shahi district",311,"Nahri Shahi district",1,0
"Kaldar district",312,"Kaldar district",1,0
"Khaki Safed district",313,"Khaki Safed district",1,0
"Almar",314,"Almar",1,0
"Balchiragh",315,"Balchiragh",1,0
"Pashtun Kot",316,"Pashtun Kot",1,0
"Latif",317,"Latif",1,0
"Alasay",318,"Alasay",1,0
"Khost district",319,"Khost district",1,0
"Aliabad",320,"Aliabad",1,0
"Behsud",321,"Behsud",1,0
"Lal Pur",322,"Lal Pur",1,0
"Sar Band",323,"Sar Band",1,0
"Shindand",324,"Shindand",1,0
"Sari Pul district",325,"Sari Pul district",1,0
"Shwak district",326,"Shwak district",1,0
"Tezin",327,"Tezin",1,0
"Khoshamand",328,"Khoshamand",1,0
"Ainak",329,"Ainak",1,0
"Wazakhwa",330,"Wazakhwa",1,0
"Nawa-i-Barakzayi",331,"Nawa-i-Barakzayi",1,0
"Masayi district",332,"Masayi district",1,0
"Spera district",333,"Spera district",1,0
"Zaka",334,"Zaka",1,0
"Dur Baba",335,"Dur Baba",1,0
"Chaparhar",336,"Chaparhar",1,0
"Khwaja Ghar district",337,"Khwaja Ghar district",1,0
"Gortepa",338,"Gortepa",1,0
"Ghormach district",339,"Ghormach district",1,0
"Pasaband",340,"Pasaband",1,0
"Panj Shiri",341,"Panj Shiri",1,0
"Ayub Khel",342,"Ayub Khel",1,0
"Tangi",343,"Tangi",1,0
"Hasantal",344,"Hasantal",1,0
"Ab Band district",345,"Ab Band district",1,0
"Logh Dara",346,"Logh Dara",1,0
"Memla",347,"Memla",1,0
"Mir'ali",348,"Mir'ali",1,0
"Rawza",349,"Rawza",1,0
"Alikhel",350,"Alikhel",1,0
"Zerkoh",351,"Zerkoh",1,0
"Jogaroom",352,"Jogaroom",1,0
"Khormalol",353,"Khormalol",1,0
"Sharana",354,"Sharana",1,0
"Panirak",355,"Panirak",1,0
"Saydabad district",356,"Saydabad district",1,0
"Kushk district",357,"Kushk district",1,0
"Mataki",358,"Mataki",1,0
"Tore Obeh",359,"Tore Obeh",1,0
"Ghanikhel district",360,"Ghanikhel district",1,0
"Kart-e-Faizabad",361,"Kart-e-Faizabad",1,0
"Jazi",362,"Jazi",1,0
"Daulat Abad",363,"Daulat Abad",1,0
"Tagab district",364,"Tagab district",1,0
"Lakarkhel",365,"Lakarkhel",1,0
"Bagram",366,"Bagram",1,0
"Karez Elyas",367,"Karez Elyas",1,0
"Mando Zayi",368,"Mando Zayi",1,0
"Gala Shor",369,"Gala Shor",1,0
"Alasay district",370,"Alasay district",1,0
"Khar Nikah",371,"Khar Nikah",1,0
"Obe district",372,"Obe district",1,0
"Abband",373,"Abband",1,0
"Bala Buluk district",374,"Bala Buluk district",1,0
"Washir district",375,"Washir district",1,0
"Sarkano",376,"Sarkano",1,0
"Nawzad district",377,"Nawzad district",1,0
"Qaysar district",378,"Qaysar district",1,0
"Zhari district",379,"Zhari district",1,0
"Senjetak",380,"Senjetak",1,0
"Karz",381,"Karz",1,0
"Shahidi Hassas district",382,"Shahidi Hassas district",1,0
"Durai Junction",383,"Durai Junction",1,0
"Fateh Mena",384,"Fateh Mena",1,0
"Azizabad",385,"Azizabad",1,0
"Sirkanay district",386,"Sirkanay district",1,0
"Zangabad",387,"Zangabad",1,0
"Marjah",388,"Marjah",1,0
"Siyachoi",389,"Siyachoi",1,0
"Khwaja Orya",390,"Khwaja Orya",1,0
"Dawlat Shah district",391,"Dawlat Shah district",1,0
"Pashad",392,"Pashad",1,0
"Arghandab district",393,"Arghandab district",1,0
"Ghaziabad district",394,"Ghaziabad district",1,0
"Chora district",395,"Chora district",1,0
"Tooto-Char",396,"Tooto-Char",1,0
"Pachir Aw Agam",397,"Pachir Aw Agam",1,0
"Kamdesh district",398,"Kamdesh district",1,0
"Achin district",399,"Achin district",1,0
"Pirka",400,"Pirka",1,0
"Zangal Boshi",401,"Zangal Boshi",1,0
"Kajor",402,"Kajor",1,0
"Renj",403,"Renj",1,0
"Darzab",404,"Darzab",1,0
"Maymana",405,"Maymana",1,0
"Keshem",406,"Keshem",1,0
"Khvoshab",407,"Khvoshab",1,0
"Bawario",408,"Bawario",1,0
"Kandaharyan",409,"Kandaharyan",1,0
"Kotihkhel",410,"Kotihkhel",1,0
"Guzara",411,"Guzara",1,0
"Nahri Karez",412,"Nahri Karez",1,0
"Safar",413,"Safar",1,0
"Shahwal",414,"Shahwal",1,0
"Agha Qala",415,"Agha Qala",1,0
"Shobar",416,"Shobar",1,0
"Dosaraka",417,"Dosaraka",1,0
"Hassan Khel",418,"Hassan Khel",1,0
"Dooab",419,"Dooab",1,0
"Mahmud Raqi",420,"Mahmud Raqi",1,0
"Day Mirdad",421,"Day Mirdad",1,0
"Pusht-i-Hassan",422,"Pusht-i-Hassan",1,0
"Balo",423,"Balo",1,0
"Shokhi",424,"Shokhi",1,0
"Toot Chakao",425,"Toot Chakao",1,0
"Galahi",426,"Galahi",1,0
"Daudkhel",427,"Daudkhel",1,0
"Nurgal district",428,"Nurgal district",1,0
"Nawa district",429,"Nawa district",1,0
"Panjsher Nawa",430,"Panjsher Nawa",1,0
"Dawran Khel",431,"Dawran Khel",1,0
"Shahjoy",432,"Shahjoy",1,0
"Char Rahi Barakat",433,"Char Rahi Barakat",1,0
"Ambukhar",434,"Ambukhar",1,0
"Nahri Saufi",435,"Nahri Saufi",1,0
"Khamyab district",436,"Khamyab district",1,0
"Lodino",437,"Lodino",1,0
"Saberi district",438,"Saberi district",1,0
"Shirwan",439,"Shirwan",1,0
"Mosa Khail district",440,"Mosa Khail district",1,0
"Aqsai",441,"Aqsai",1,0
"Jafari",442,"Jafari",1,0
"Mali Khel",443,"Mali Khel",1,0
"Khwaja Zaid",444,"Khwaja Zaid",1,0
"Chorakhel",445,"Chorakhel",1,0
"Jangal",446,"Jangal",1,0
"Khawe Kamar",447,"Khawe Kamar",1,0
"Pusht Rod district",448,"Pusht Rod district",1,0
"Joi Ganj",449,"Joi Ganj",1,0
"Musulmani",450,"Musulmani",1,0
"Shibirghan",451,"Shibirghan",1,0
"Yayha Khel",452,"Yayha Khel",1,0
"Qaraghel",453,"Qaraghel",1,0
"Kandi",454,"Kandi",1,0
"Ghormach",455,"Ghormach",1,0
"Kobar",456,"Kobar",1,0
"Mazarabad",457,"Mazarabad",1,0
"Regi",458,"Regi",1,0
"Pass Sabar",459,"Pass Sabar",1,0
"Nani",460,"Nani",1,0
"Chaharsadda district",461,"Chaharsadda district",1,0
"Tajak",462,"Tajak",1,0
"Barkandi",463,"Barkandi",1,0
"Mohmand Kotal",464,"Mohmand Kotal",1,0
"Mir Ali",465,"Mir Ali",1,0
"Musazai",466,"Musazai",1,0
"Khan Kalai",467,"Khan Kalai",1,0
"Chino",468,"Chino",1,0
"Nari",469,"Nari",1,0
"Shinkot",470,"Shinkot",1,0
"Dongal",471,"Dongal",1,0
"Alisher",472,"Alisher",1,0
"Qal-ah-ye mirza jal",473,"Qal-ah-ye mirza jal",1,0
"Kashkak Duaab",474,"Kashkak Duaab",1,0
"Albakan",475,"Albakan",1,0
"Sherbak",476,"Sherbak",1,0
"Hazrat Sultan",477,"Hazrat Sultan",1,0
"Shelli",478,"Shelli",1,0
"Kahmard district",479,"Kahmard district",1,0
"Koh-I Kanda",480,"Koh-I Kanda",1,0
"Chinar",481,"Chinar",1,0
"Qamchi",482,"Qamchi",1,0
"Kala Gosh",483,"Kala Gosh",1,0
"Alawudin-Mangal",484,"Alawudin-Mangal",1,0
"Dargai",485,"Dargai",1,0
"Eidgah",486,"Eidgah",1,0
"Gadakheyl",487,"Gadakheyl",1,0
"Tarko",488,"Tarko",1,0
"Charkh district",489,"Charkh district",1,0
"Matta Khan",490,"Matta Khan",1,0
"Kareze Saydi",491,"Kareze Saydi",1,0
"Chahar Bagh Gulshan",492,"Chahar Bagh Gulshan",1,0
"Qushtepa",493,"Qushtepa",1,0
"Pasaband district",494,"Pasaband district",1,0
"Arabmazari",495,"Arabmazari",1,0
"Jaar Qala",496,"Jaar Qala",1,0
"Khaki Safed",497,"Khaki Safed",1,0
"Spidar Nari",498,"Spidar Nari",1,0
"Managi",499,"Managi",1,0
"Sherzab district",500,"Sherzab district",1,0
"Puli Khwaja",501,"Puli Khwaja",1,0
"Soli",502,"Soli",1,0
"Jani Khail district",503,"Jani Khail district",1,0
"Saj",504,"Saj",1,0
"Siah Gerd district",505,"Siah Gerd district",1,0
"Gelan district",506,"Gelan district",1,0
"Nari district",507,"Nari district",1,0
"Dasht-i-Laila",508,"Dasht-i-Laila",1,0
"Haji Khel",509,"Haji Khel",1,0
"Spedar",510,"Spedar",1,0
"Maruf district",511,"Maruf district",1,0
"Aabgarmak",512,"Aabgarmak",1,0
"Karwangah",513,"Karwangah",1,0
"Ganjgal",514,"Ganjgal",1,0
"Karez Doghi",515,"Karez Doghi",1,0
"Du Layna district",516,"Du Layna district",1,0
"Maymana district",517,"Maymana district",1,0
"Deh-e Bagh",518,"Deh-e Bagh",1,0
"Qaramqol district",519,"Qaramqol district",1,0
"Spin Jumat",520,"Spin Jumat",1,0
"Sari Sang",521,"Sari Sang",1,0
"Ghoramch",522,"Ghoramch",1,0
"Barki Rajan",523,"Barki Rajan",1,0
"Baraki Rajan",524,"Baraki Rajan",1,0
"Dong Qala",525,"Dong Qala",1,0
"Alisher district",526,"Alisher district",1,0
"Shinwari",527,"Shinwari",1,0
"Pachir Aw Agam district",528,"Pachir Aw Agam district",1,0
"Bagal Mast",529,"Bagal Mast",1,0
"Otara",530,"Otara",1,0
"Dawlat Yar district",531,"Dawlat Yar district",1,0
"Gandma",532,"Gandma",1,0
"Salkatu",533,"Salkatu",1,0
"Badwan",534,"Badwan",1,0
"Ghalbyan",535,"Ghalbyan",1,0
"Paprok",536,"Paprok",1,0
"Nahri Saraj",537,"Nahri Saraj",1,0
"Boji Bast",538,"Boji Bast",1,0
"Saydabad",539,"Saydabad",1,0
"Daychopan",540,"Daychopan",1,0
"Sistani",541,"Sistani",1,0
"Jalrez",542,"Jalrez",1,0
"Mirandab",543,"Mirandab",1,0
"Sheberghan",544,"Sheberghan",1,0
"Alam Khel",545,"Alam Khel",1,0
"Adraskan district",546,"Adraskan district",1,0
"Karukh",547,"Karukh",1,0
"Ebrahihim Khel",548,"Ebrahihim Khel",1,0
"Aybak",549,"Aybak",1,0
"Karez I Qala",550,"Karez I Qala",1,0
"Sarab",551,"Sarab",1,0
"Maruf",552,"Maruf",1,0
"Siah Gerd",553,"Siah Gerd",1,0
"Ghurmach",554,"Ghurmach",1,0
"Bagh-e Shamal",555,"Bagh-e Shamal",1,0
"Gomal",556,"Gomal",1,0
"Hesarak",557,"Hesarak",1,0
"Shamazai",558,"Shamazai",1,0
"Chapahar",559,"Chapahar",1,0
"Morghab district",560,"Morghab district",1,0
"Shigal",561,"Shigal",1,0
"Marawara",562,"Marawara",1,0
"Do Abi",563,"Do Abi",1,0
"Gulran district",564,"Gulran district",1,0
"Charsada district",565,"Charsada district",1,0
"Paghmam",566,"Paghmam",1,0
"Gosfandi",567,"Gosfandi",1,0
"Jaji Maydan district",568,"Jaji Maydan district",1,0
"Musa Qala",569,"Musa Qala",1,0
"Achin",570,"Achin",1,0
"Kinisk",571,"Kinisk",1,0
"Lashk Gah",572,"Lashk Gah",1,0
"Kankuh",573,"Kankuh",1,0
"Zamindawar",574,"Zamindawar",1,0
"Mano Gai",575,"Mano Gai",1,0
"Kamdesh",576,"Kamdesh",1,0
"Babus",577,"Babus",1,0
"Gerda Serai",578,"Gerda Serai",1,0
"Qarghai",579,"Qarghai",1,0
"Surkhakan",580,"Surkhakan",1,0
"Washer district",581,"Washer district",1,0
"Chishti Sharif",582,"Chishti Sharif",1,0
"Watapur",583,"Watapur",1,0
"Ghorabad",584,"Ghorabad",1,0
"Deh Rahwod",585,"Deh Rahwod",1,0
"Nawa",586,"Nawa",1,0
"Khak-e Chupan",587,"Khak-e Chupan",1,0
"Bazarak",588,"Bazarak",1,0
"Ghourian",589,"Ghourian",1,0
"Warduj district",590,"Warduj district",1,0
"Manogai",591,"Manogai",1,0
"Dahan-e Kakari",592,"Dahan-e Kakari",1,0
"Sundurwa",593,"Sundurwa",1,0
"Ghandak",594,"Ghandak",1,0
"Shor Tepa",595,"Shor Tepa",1,0
"Badiabad",596,"Badiabad",1,0
"Shekh Ali",597,"Shekh Ali",1,0
"Jaghatu",598,"Jaghatu",1,0
"Dagyan",599,"Dagyan",1,0
"Zurmat",600,"Zurmat",1,0
"Dehzak",601,"Dehzak",1,0
"Garmsir",602,"Garmsir",1,0
"Obe",603,"Obe",1,0
"Zara Marko",604,"Zara Marko",1,0
"Besram",605,"Besram",1,0
"Pur Chaman",606,"Pur Chaman",1,0
"Si Av",607,"Si Av",1,0
"Salang",608,"Salang",1,0
"Malgir",609,"Malgir",1,0
"Ghaziabad",610,"Ghaziabad",1,0
"Bati Kot",611,"Bati Kot",1,0
"Saaj Qala",612,"Saaj Qala",1,0
"Gato Qala",613,"Gato Qala",1,0
"Atul",614,"Atul",1,0
"Patan",615,"Patan",1,0
"Shirin Tagab district",616,"Shirin Tagab district",1,0
"Bad Pakh district",617,"Bad Pakh district",1,0
"Mama Kariz",618,"Mama Kariz",1,0
"Akazai",619,"Akazai",1,0
"Sozma Qala district",620,"Sozma Qala district",1,0
"Rabatak",621,"Rabatak",1,0
"Missezai",622,"Missezai",1,0
"Islam Kala",623,"Islam Kala",1,0
"Khanabad district",624,"Khanabad district",1,0
"Atghar district",625,"Atghar district",1,0
"Torkham",626,"Torkham",1,0
"Chawk-e-Sargardan",627,"Chawk-e-Sargardan",1,0
"Barg-e- Matal",628,"Barg-e- Matal",1,0
"Shembavot",629,"Shembavot",1,0
"Zazi Aryub",630,"Zazi Aryub",1,0
"Chahar Burjak",631,"Chahar Burjak",1,0
"Do Ab",632,"Do Ab",1,0
"Dusang",633,"Dusang",1,0
"Bihsud district",634,"Bihsud district",1,0
"Shukvani",635,"Shukvani",1,0
"Want Waigal district",636,"Want Waigal district",1,0
"Shinwari district",637,"Shinwari district",1,0
"Khas Uruzgan district",638,"Khas Uruzgan district",1,0
"Archi District",639,"Archi District",1,0
"Ab Kamari district",640,"Ab Kamari district",1,0
"Alingar district",641,"Alingar district",1,0
"Durna",642,"Durna",1,0
"Bala Buluk",643,"Bala Buluk",1,0
"Meiana area",644,"Meiana area",1,0
"Basolan area",645,"Basolan area",1,0
"Shelgar area",646,"Shelgar area",1,0
"Jado Khail",647,"Jado Khail",1,0
"Sara Qala",648,"Sara Qala",1,0
"Qala Kah district",649,"Qala Kah district",1,0
"Khannesin district",650,"Khannesin district",1,0
"Ahmadabad district",651,"Ahmadabad district",1,0
"Joi Lahore",652,"Joi Lahore",1,0
"Garmab",653,"Garmab",1,0
"Siagerd district",654,"Siagerd district",1,0
"Deraki",655,"Deraki",1,0
"Mangajek district",656,"Mangajek district",1,0
"Gyan district",657,"Gyan district",1,0
"Chak district",658,"Chak district",1,0
"Shadal Bazaar",659,"Shadal Bazaar",1,0
"Jurm district",660,"Jurm district",1,0
"Jalrez district",661,"Jalrez district",1,0
"Fateh Muhammad Manda",662,"Fateh Muhammad Manda",1,0
"Toghi",663,"Toghi",1,0
"Dih Yak district",664,"Dih Yak district",1,0
"Shorabak district",665,"Shorabak district",1,0
"Ishkamish district",666,"Ishkamish district",1,0
"Shin Ghazak",667,"Shin Ghazak",1,0
"Kundi Raji",668,"Kundi Raji",1,0
"Zantu",669,"Zantu",1,0
"Khwaja Sabz Posh district",670,"Khwaja Sabz Posh district",1,0
"Shinwar district",671,"Shinwar district",1,0
"Afghan Tapa",672,"Afghan Tapa",1,0
"Bakhtabad",673,"Bakhtabad",1,0
"Khawaja Kainti",674,"Khawaja Kainti",1,0
"Dobandi",675,"Dobandi",1,0
"Babukhel",676,"Babukhel",1,0
"Salar",677,"Salar",1,0
"Marjah district",678,"Marjah district",1,0
"Sayyad district",679,"Sayyad district",1,0
"Pashtun Kot district",680,"Pashtun Kot district",1,0
"Pusht-e-Koh district",681,"Pusht-e-Koh district",1,0
"Naw Bahar district",682,"Naw Bahar district",1,0
"Dih Yak",683,"Dih Yak",1,0
"Haft Asiab",684,"Haft Asiab",1,0
"Lalakhel",685,"Lalakhel",1,0
"Sarkani district",686,"Sarkani district",1,0
"Mihtarlam district",687,"Mihtarlam district",1,0
"Gulkari",688,"Gulkari",1,0
"Wesh",689,"Wesh",1,0
"Qush Tepa district",690,"Qush Tepa district",1,0
"Mulla Abdallah",691,"Mulla Abdallah",1,0
"Imam Sahib district",692,"Imam Sahib district",1,0
"Korghan",693,"Korghan",1,0
"Sarhoza district",694,"Sarhoza district",1,0
"Marawara district",695,"Marawara district",1,0
"Safa",696,"Safa",1,0
"Dand Patan",697,"Dand Patan",1,0
"Yahya Khil district",698,"Yahya Khil district",1,0
"Perzo",699,"Perzo",1,0
"Dohama Hisa",700,"Dohama Hisa",1,0
"Dahana-i-Ghuri district",701,"Dahana-i-Ghuri district",1,0
"Shpola Pul",702,"Shpola Pul",1,0
"Kansak",703,"Kansak",1,0
"Rustam",704,"Rustam",1,0
"Gulo",705,"Gulo",1,0
"Habib",706,"Habib",1,0
"Du Layna",707,"Du Layna",1,0
"Daomanda",708,"Daomanda",1,0
"Chamkani",709,"Chamkani",1,0
"Hakim Abad",710,"Hakim Abad",1,0
"Lash Wa Juwayn district",711,"Lash Wa Juwayn district",1,0
"Shahrak",712,"Shahrak",1,0
"Sari Pul",713,"Sari Pul",1,0
"Behsud district",714,"Behsud district",1,0
"Cholan",715,"Cholan",1,0
"Surkhrod",716,"Surkhrod",1,0
"Kala Zal district",717,"Kala Zal district",1,0
"Qalae Zal",718,"Qalae Zal",1,0
"Chappadarra",719,"Chappadarra",1,0
"Almar district",720,"Almar district",1,0
"Sar Hawza",721,"Sar Hawza",1,0
"Enjil",722,"Enjil",1,0
"Nazyan district",723,"Nazyan district",1,0
"Kakrak",724,"Kakrak",1,0
"Tawah Shakh",725,"Tawah Shakh",1,0
"Pul-e Ahmad Khan",726,"Pul-e Ahmad Khan",1,0
"Khakrez district",727,"Khakrez district",1,0
"Khanashin",728,"Khanashin",1,0
"Sarwan Kala",729,"Sarwan Kala",1,0
"Siahgard district",730,"Siahgard district",1,0
"Yaka Tut",731,"Yaka Tut",1,0
"Pasawand",732,"Pasawand",1,0
"Yusufkhel",733,"Yusufkhel",1,0
"Maidani",734,"Maidani",1,0
"Tantil",735,"Tantil",1,0
"Qadis district",736,"Qadis district",1,0
"Saberi",737,"Saberi",1,0
"Injil district",738,"Injil district",1,0
"Aryob Zazi",739,"Aryob Zazi",1,0
"Sarkani",740,"Sarkani",1,0
"Pashtun Zarghun district",741,"Pashtun Zarghun district",1,0
"Kandgal",742,"Kandgal",1,0
"Mushan",743,"Mushan",1,0
"Khas Kunar district",744,"Khas Kunar district",1,0
"Qasab",745,"Qasab",1,0
"Ghani Khel",746,"Ghani Khel",1,0
"Sheikhan",747,"Sheikhan",1,0
"Derqad",748,"Derqad",1,0
"Zana Khan district",749,"Zana Khan district",1,0
"Watapur district",750,"Watapur district",1,0
"Jar Khoshk",751,"Jar Khoshk",1,0
"Hesarak district",752,"Hesarak district",1,0
"Khugyani district",753,"Khugyani district",1,0
"Pakhtunabad",754,"Pakhtunabad",1,0
"Abdurrahim",755,"Abdurrahim",1,0
"Manogi",756,"Manogi",1,0
"Sar Howza",757,"Sar Howza",1,0
"Daman district",758,"Daman district",1,0
"Lakhshak",759,"Lakhshak",1,0
"Pachir Wa Agam district",760,"Pachir Wa Agam district",1,0
"Chapa Dara district",761,"Chapa Dara district",1,0
"Kabulcha",762,"Kabulcha",1,0
"Nawabad",763,"Nawabad",1,0
"Mir Khan",764,"Mir Khan",1,0
"Zhay",765,"Zhay",1,0
"Shah Mirza",766,"Shah Mirza",1,0
"Gerda Sarai district",767,"Gerda Sarai district",1,0
"Kuran Wa Munjan",768,"Kuran Wa Munjan",1,0
"Patan district",769,"Patan district",1,0
"Pech district",770,"Pech district",1,0
"Gizab district",771,"Gizab district",1,0
"Asmar district",772,"Asmar district",1,0
"Mando Zayi district",773,"Mando Zayi district",1,0
"Chishti Sharif district",774,"Chishti Sharif district",1,0
"Duhab district",775,"Duhab district",1,0
"Takhteh Pol",776,"Takhteh Pol",1,0
"Garsmir district",777,"Garsmir district",1,0
"Mardyan district",778,"Mardyan district",1,0
"Dushi district",779,"Dushi district",1,0
"Ghorband district",780,"Ghorband district",1,0
"Janikhel district",781,"Janikhel district",1,0
"Dawalatbad",782,"Dawalatbad",1,0
"Dewana Khan",783,"Dewana Khan",1,0
"Darbar",784,"Darbar",1,0
"Kohistanat district",785,"Kohistanat district",1,0
"Ghani Khail",786,"Ghani Khail",1,0
"Boghawee",787,"Boghawee",1,0
"Tunika",788,"Tunika",1,0
"Gharabad",789,"Gharabad",1,0
"Soin Boldak district",790,"Soin Boldak district",1,0
"Goband",791,"Goband",1,0
"Mashin Qala",792,"Mashin Qala",1,0
"Kajaki district",793,"Kajaki district",1,0
"Mata Khan district",794,"Mata Khan district",1,0
"Kakaran",795,"Kakaran",1,0
"Kando",796,"Kando",1,0
"Haskah Menah district",797,"Haskah Menah district",1,0
"Panjgow",798,"Panjgow",1,0
"Mori",799,"Mori",1,0
"Deh Rahwod district",800,"Deh Rahwod district",1,0
"Shaigal Aw Shiltan district",801,"Shaigal Aw Shiltan district",1,0
"Baraki Barak district",802,"Baraki Barak district",1,0
"Jangul",803,"Jangul",1,0
"Dalan",804,"Dalan",1,0
"Gam-e Shak",805,"Gam-e Shak",1,0
"Naw Zad district",806,"Naw Zad district",1,0
"Sarakhakh",807,"Sarakhakh",1,0
"Kushki Kuhna district",808,"Kushki Kuhna district",1,0
"Pachir Agam district",809,"Pachir Agam district",1,0
"Molazai",810,"Molazai",1,0
"Delaram district",811,"Delaram district",1,0
"Tagab",812,"Tagab",1,0
"Surobi district",813,"Surobi district",1,0
"Khwaja Du Koh district",814,"Khwaja Du Koh district",1,0
"Nurgaram",815,"Nurgaram",1,0
"Yatim",816,"Yatim",1,0
"Badghisi",817,"Badghisi",1,0
"Dorahi",818,"Dorahi",1,0
"Kohna",819,"Kohna",1,0
"Kozbahar",820,"Kozbahar",1,0
"Chaharbagh",821,"Chaharbagh",1,0
"Shahban",822,"Shahban",1,0
"Haft Asia",823,"Haft Asia",1,0
"Barwai",824,"Barwai",1,0
"Dara-i-Suf district",825,"Dara-i-Suf district",1,0
"Khoshamand district",826,"Khoshamand district",1,0
"Faizabad district",827,"Faizabad district",1,0
"Dorzu",828,"Dorzu",1,0
"Mirkhan",829,"Mirkhan",1,0
"Ghorchi",830,"Ghorchi",1,0
"Nangabad",831,"Nangabad",1,0
"Rabat",832,"Rabat",1,0
"Shakh",833,"Shakh",1,0
"Vash Mandi",834,"Vash Mandi",1,0
"Akhund Zada Kalay",835,"Akhund Zada Kalay",1,0
"Mohammad Agha district",836,"Mohammad Agha district",1,0
"Tughay",837,"Tughay",1,0
"Shigal district",838,"Shigal district",1,0
"Jabal Saraj district",839,"Jabal Saraj district",1,0
"Nowkhez",840,"Nowkhez",1,0
"Larkhabi",841,"Larkhabi",1,0
"Gilan Kachi",842,"Gilan Kachi",1,0
"Gajri",843,"Gajri",1,0
"Lakari",844,"Lakari",1,0
"Urgun district",845,"Urgun district",1,0
"Sultankhel",846,"Sultankhel",1,0
"Baharak district",847,"Baharak district",1,0
"Haydarabad",848,"Haydarabad",1,0
"Charikar",849,"Charikar",1,0
"Khan Zaman Khan",850,"Khan Zaman Khan",1,0
"Dand Patan district",851,"Dand Patan district",1,0
"Jardoq",852,"Jardoq",1,0
"Dalan Sang",853,"Dalan Sang",1,0
"Dawlatzai",854,"Dawlatzai",1,0
"Chehl Dukhtaran",855,"Chehl Dukhtaran",1,0
"Qazaq",856,"Qazaq",1,0
"Zangi Sabah",857,"Zangi Sabah",1,0
"Khushk",858,"Khushk",1,0
"Laja Ahmad Khail district",859,"Laja Ahmad Khail district",1,0
"Puli Alam district",860,"Puli Alam district",1,0
"Char Saraka-i-Haji Naeem",861,"Char Saraka-i-Haji Naeem",1,0
"Gadamdar",862,"Gadamdar",1,0
"Purdel",863,"Purdel",1,0
"Mullah Jana",864,"Mullah Jana",1,0
"Spinghar",865,"Spinghar",1,0
"Seya Gerd",866,"Seya Gerd",1,0
"Masao",867,"Masao",1,0
"Qala Sehra",868,"Qala Sehra",1,0
"Khwaja Baha Wuddin district",869,"Khwaja Baha Wuddin district",1,0
"Bakhtiar",870,"Bakhtiar",1,0
"Haidarabad",871,"Haidarabad",1,0
"Yamgan district",872,"Yamgan district",1,0
"Hisarak district",873,"Hisarak district",1,0
"Bagram district",874,"Bagram district",1,0
"Zamboli",875,"Zamboli",1,0
"Goldad Khelo",876,"Goldad Khelo",1,0
"Qiresh",877,"Qiresh",1,0
"Qari Sadi",878,"Qari Sadi",1,0
"Muhammad Agha district",879,"Muhammad Agha district",1,0
"Spin Kaney",880,"Spin Kaney",1,0
"Mazar",881,"Mazar",1,0
"Ghara",882,"Ghara",1,0
"Amanullah Karez",883,"Amanullah Karez",1,0
"Syedwalo",884,"Syedwalo",1,0
"Keshi",885,"Keshi",1,0
"Bini Sher Afghan",886,"Bini Sher Afghan",1,0
"Atak",887,"Atak",1,0
"Dara-i-Nur district",888,"Dara-i-Nur district",1,0
"Abyak",889,"Abyak",1,0
"Sarkar Vialla",890,"Sarkar Vialla",1,0
"Jobin",891,"Jobin",1,0
"Shah Hasankhel",892,"Shah Hasankhel",1,0
"Marko",893,"Marko",1,0
"Malgoti",894,"Malgoti",1,0
"Karukh district",895,"Karukh district",1,0
"Miankoh",896,"Miankoh",1,0
"Siah Choi",897,"Siah Choi",1,0
"Chimtal district",898,"Chimtal district",1,0
"Azra district",899,"Azra district",1,0
"Sestani",900,"Sestani",1,0
"Trikh Nawar",901,"Trikh Nawar",1,0
"Red district",902,"Red district",1,0
"Jurm",903,"Jurm",1,0
"Kharr Kali",904,"Kharr Kali",1,0
"Wazir Khan",905,"Wazir Khan",1,0
"Ramak",906,"Ramak",1,0
"Zwakah",907,"Zwakah",1,0
"Lala Maydan",908,"Lala Maydan",1,0
"Farsi",909,"Farsi",1,0
"Balkh district",910,"Balkh district",1,0
"Abu Naw",911,"Abu Naw",1,0
"Nawroz",912,"Nawroz",1,0
"Kalatak",913,"Kalatak",1,0
"Khwaja Gugerdak",914,"Khwaja Gugerdak",1,0
"Chahar Burja district",915,"Chahar Burja district",1,0
"Ishkashim district",916,"Ishkashim district",1,0
"Kuz Tasan",917,"Kuz Tasan",1,0
"Mirogul Kalay",918,"Mirogul Kalay",1,0
"Registan district",919,"Registan district",1,0
"Shaydai",920,"Shaydai",1,0
"Bargi Matal district",921,"Bargi Matal district",1,0
"Darzab district",922,"Darzab district",1,0
"Wata Pur district",923,"Wata Pur district",1,0
"Khafizan",924,"Khafizan",1,0
"Gambel",925,"Gambel",1,0
"Khan Kelay",926,"Khan Kelay",1,0
"Musayi district",927,"Musayi district",1,0
"Tarnak Wa Jaldak district",928,"Tarnak Wa Jaldak district",1,0
"Mir Abad",929,"Mir Abad",1,0
"Sah Rawan",930,"Sah Rawan",1,0
"Tatar Khel",931,"Tatar Khel",1,0
"Kohak",932,"Kohak",1,0
"Umar-i Khan",933,"Umar-i Khan",1,0
"Bahrami Shahid district",934,"Bahrami Shahid district",1,0
"Badpash",935,"Badpash",1,0
"Day Mirdad district",936,"Day Mirdad district",1,0
"Ab-e Jalil",937,"Ab-e Jalil",1,0
"Shalghamay",938,"Shalghamay",1,0
"Dara-i-Pech district",939,"Dara-i-Pech district",1,0
"Gulchin",940,"Gulchin",1,0
"Shahr-e Kuhnah",941,"Shahr-e Kuhnah",1,0
"Khannesin",942,"Khannesin",1,0
"Shibirghan district",943,"Shibirghan district",1,0
"Tash Kala",944,"Tash Kala",1,0
"Khushamand",945,"Khushamand",1,0
"Dih Bala district",946,"Dih Bala district",1,0
"Jani Khel district",947,"Jani Khel district",1,0
"Shahrak district",948,"Shahrak district",1,0
"Dur Baba district",949,"Dur Baba district",1,0
"Ajristan district",950,"Ajristan district",1,0
"Gardan",951,"Gardan",1,0
"Gala Tut",952,"Gala Tut",1,0
"Dih Sabz district",953,"Dih Sabz district",1,0
"Kalangar",954,"Kalangar",1,0
"Gilan",955,"Gilan",1,0
"Qarghayi district",956,"Qarghayi district",1,0
"Bandooka",957,"Bandooka",1,0
"Manzil",958,"Manzil",1,0
"Kalbaat",959,"Kalbaat",1,0
"Shamal Gah",960,"Shamal Gah",1,0
"Qala-i-Najil",961,"Qala-i-Najil",1,0
"Maydani",962,"Maydani",1,0
"Mukhtar Qala",963,"Mukhtar Qala",1,0
"Chaki Wardak district",964,"Chaki Wardak district",1,0
"Kuran Wa Munjan district",965,"Kuran Wa Munjan district",1,0
"Gul Bagh",966,"Gul Bagh",1,0
"Bargam",967,"Bargam",1,0
"Gurbuz district",968,"Gurbuz district",1,0
"Ghowayano Gat",969,"Ghowayano Gat",1,0
"Jar Quduq",970,"Jar Quduq",1,0
"Sayrwan",971,"Sayrwan",1,0
"Kandahar district",972,"Kandahar district",1,0
"Chakhansur district",973,"Chakhansur district",1,0
"Zarkashan",974,"Zarkashan",1,0
"Surkh Rod district",975,"Surkh Rod district",1,0
"Deh-e Shaykh",976,"Deh-e Shaykh",1,0
"Shaykh Zai",977,"Shaykh Zai",1,0
"Shaplogh",978,"Shaplogh",1,0
"Kundir",979,"Kundir",1,0
"Feroz Koh",980,"Feroz Koh",1,0
"Bukhari Qala",981,"Bukhari Qala",1,0
"Deh Gul",982,"Deh Gul",1,0
"Balghali",983,"Balghali",1,0
"Watangahtu",984,"Watangahtu",1,0
"Wahab Kala",985,"Wahab Kala",1,0
"Tash Guzar",986,"Tash Guzar",1,0
"Karimdad",987,"Karimdad",1,0
"Qalay-i-Zal district",988,"Qalay-i-Zal district",1,0
"Dara-i-Sufi Payin district",989,"Dara-i-Sufi Payin district",1,0
"Chamtali",990,"Chamtali",1,0
"Bamo Khel",991,"Bamo Khel",1,0
"Shash Khel",992,"Shash Khel",1,0
"Nawkarez",993,"Nawkarez",1,0
"Breshna Kot Pul",994,"Breshna Kot Pul",1,0
"Sao",995,"Sao",1,0
"Shergul",996,"Shergul",1,0
"Gawhardesh",997,"Gawhardesh",1,0
"Gorjak",998,"Gorjak",1,0
"Dastasak",999,"Dastasak",1,0
"Anar Joy",1000,"Anar Joy",1,0
"Sharmat Khel",1001,"Sharmat Khel",1,0
"Gurziwan district",1002,"Gurziwan district",1,0
"Pandola",1003,"Pandola",1,0
"Shakar Shela",1004,"Shakar Shela",1,0
"Sholgara district",1005,"Sholgara district",1,0
"Sarsini Kotal",1006,"Sarsini Kotal",1,0
"Bashi Kala",1007,"Bashi Kala",1,0
"Yomul",1008,"Yomul",1,0
"Bolan",1009,"Bolan",1,0
"Alam Kala",1010,"Alam Kala",1,0
"Darwazakun",1011,"Darwazakun",1,0
"Hashemkhel Khwar",1012,"Hashemkhel Khwar",1,0
"Shirzad district",1013,"Shirzad district",1,0
"Godar",1014,"Godar",1,0
"Panjaw Qala",1015,"Panjaw Qala",1,0
"Daman",1016,"Daman",1,0
"Maldar",1017,"Maldar",1,0
"Zughali",1018,"Zughali",1,0
"Paikash",1019,"Paikash",1,0
"Qala Qazi",1020,"Qala Qazi",1,0
"Tawdah China",1021,"Tawdah China",1,0
"Dashti Qala district",1022,"Dashti Qala district",1,0
"Spin Ghbarg",1023,"Spin Ghbarg",1,0
"Pole Sowz",1024,"Pole Sowz",1,0
"Alizay",1025,"Alizay",1,0
"Masaw",1026,"Masaw",1,0
"Kharaba",1027,"Kharaba",1,0
"Kata-e Lang",1028,"Kata-e Lang",1,0
"Sabz Sang",1029,"Sabz Sang",1,0
"Saghar district",1030,"Saghar district",1,0
"Baland Ghowr",1031,"Baland Ghowr",1,0
"Bashlmes",1032,"Bashlmes",1,0
"Arkalik",1033,"Arkalik",1,0
"Qurabagh district",1034,"Qurabagh district",1,0
"Mohammad Aga district",1035,"Mohammad Aga district",1,0
"Sangar Manda",1036,"Sangar Manda",1,0
"Ziruk district",1037,"Ziruk district",1,0
"Podina",1038,"Podina",1,0
"Gul Bahri",1039,"Gul Bahri",1,0
"Gajgeen",1040,"Gajgeen",1,0
"Mango",1041,"Mango",1,0
"Burka district",1042,"Burka district",1,0
"Tangi Murch",1043,"Tangi Murch",1,0
"Quaryeh Shorab",1044,"Quaryeh Shorab",1,0
"Kharwar district",1045,"Kharwar district",1,0
"Asadabad district",1046,"Asadabad district",1,0
"Chaghar Qishlaq",1047,"Chaghar Qishlaq",1,0
"Gor Tepa",1048,"Gor Tepa",1,0
"Gunjabad",1049,"Gunjabad",1,0
"Gerani",1050,"Gerani",1,0
"Meran",1051,"Meran",1,0
"Shahr-e Safa district",1052,"Shahr-e Safa district",1,0
"Qarae",1053,"Qarae",1,0
"Biksar",1054,"Biksar",1,0
"Chaqmah Chuqur",1055,"Chaqmah Chuqur",1,0
"Turkman Qaduq",1056,"Turkman Qaduq",1,0
"Babrak Tana",1057,"Babrak Tana",1,0
"Dewana Khana",1058,"Dewana Khana",1,0
"Narghal",1059,"Narghal",1,0
"Zameen Tay",1060,"Zameen Tay",1,0
"Omna district",1061,"Omna district",1,0
"Tijam",1062,"Tijam",1,0
"Bala Morghab district",1063,"Bala Morghab district",1,0
"Marchak",1064,"Marchak",1,0
"Hasti",1065,"Hasti",1,0
"Bagh-e Shirqat",1066,"Bagh-e Shirqat",1,0
"Makhigir",1067,"Makhigir",1,0
"Andkhoy district",1068,"Andkhoy district",1,0
"Chahak",1069,"Chahak",1,0
"Zaghali",1070,"Zaghali",1,0
"Abu Jan",1071,"Abu Jan",1,0
"Qarga",1072,"Qarga",1,0
"Waza Khwa district",1073,"Waza Khwa district",1,0
"Farsi district",1074,"Farsi district",1,0
"Bandar",1075,"Bandar",1,0
"Mahtab",1076,"Mahtab",1,0
"Zari district",1077,"Zari district",1,0
"Shepano Kala",1078,"Shepano Kala",1,0
"Tabili",1079,"Tabili",1,0
"Qila Madad",1080,"Qila Madad",1,0
"Alyasabad",1081,"Alyasabad",1,0
"Taghrok",1082,"Taghrok",1,0
"Zar Tali Dashta",1083,"Zar Tali Dashta",1,0
"Ibadullah Qulf",1084,"Ibadullah Qulf",1,0
"Deh Ghani",1085,"Deh Ghani",1,0
"Garshinan",1086,"Garshinan",1,0
"Dasht Malizai",1087,"Dasht Malizai",1,0
"Naikan",1088,"Naikan",1,0
"Charbagh",1089,"Charbagh",1,0
"Jalezai",1090,"Jalezai",1,0
"Biabanak",1091,"Biabanak",1,0
"Hadera",1092,"Hadera",1,0
"Marabad",1093,"Marabad",1,0
"Spinah",1094,"Spinah",1,0
"Koshki Kohna district",1095,"Koshki Kohna district",1,0
"Laghawat",1096,"Laghawat",1,0
"Aqsvi",1097,"Aqsvi",1,0
"Dand-e-Ghori",1098,"Dand-e-Ghori",1,0
"Chuck",1099,"Chuck",1,0
"Dukin",1100,"Dukin",1,0
"Charmas",1101,"Charmas",1,0
"Sarak-e-Bala",1102,"Sarak-e-Bala",1,0
"Gombat",1103,"Gombat",1,0
"Zrando",1104,"Zrando",1,0
"Kandahar Hadda",1105,"Kandahar Hadda",1,0
"Darae Bum",1106,"Darae Bum",1,0
"Shahley Nawa",1107,"Shahley Nawa",1,0
"Aliabad district",1108,"Aliabad district",1,0
"Sozyano",1109,"Sozyano",1,0
"Masjed-e Chubi",1110,"Masjed-e Chubi",1,0
"Nur Khail",1111,"Nur Khail",1,0
"Jaghtu district",1112,"Jaghtu district",1,0
"Gordzad",1113,"Gordzad",1,0
"Joy Naw",1114,"Joy Naw",1,0
"Kohsan district",1115,"Kohsan district",1,0
"Qalandar Khel",1116,"Qalandar Khel",1,0
"Darin",1117,"Darin",1,0
"Astana Baba",1118,"Astana Baba",1,0
"Darqad district",1119,"Darqad district",1,0
"Kanguri",1120,"Kanguri",1,0
"Tergaran",1121,"Tergaran",1,0
"Barakhanah",1122,"Barakhanah",1,0
"Taluqan",1123,"Taluqan",1,0
"Nurgaram district",1124,"Nurgaram district",1,0
"Chechkatu",1125,"Chechkatu",1,0
"Kher",1126,"Kher",1,0
"Khowaja Gogerdak",1127,"Khowaja Gogerdak",1,0
"Bandar-i-Shurab",1128,"Bandar-i-Shurab",1,0
"Adam Khan",1129,"Adam Khan",1,0
"Fayzabad district",1130,"Fayzabad district",1,0
"Lab Dara",1131,"Lab Dara",1,0
"Chah Takhta",1132,"Chah Takhta",1,0
"Khwaja Ghaltan",1133,"Khwaja Ghaltan",1,0
"Arbab Khalil",1134,"Arbab Khalil",1,0
"Sar-e Rawza district",1135,"Sar-e Rawza district",1,0
"Saidabad district",1136,"Saidabad district",1,0
"Manar",1137,"Manar",1,0
"Gandaher",1138,"Gandaher",1,0
"Yousufkhil",1139,"Yousufkhil",1,0
"Karokhil",1140,"Karokhil",1,0
"Bartaka",1141,"Bartaka",1,0
"Taywara district",1142,"Taywara district",1,0
"Panjsher",1143,"Panjsher",1,0
"Tagab Airak",1144,"Tagab Airak",1,0
"Maqbal",1145,"Maqbal",1,0
"Kalakan district",1146,"Kalakan district",1,0
"Qala Jawz",1147,"Qala Jawz",1,0
"Raghistan district",1148,"Raghistan district",1,0
"Chinargai",1149,"Chinargai",1,0
"Chahar Dewali",1150,"Chahar Dewali",1,0
"Paghman district",1151,"Paghman district",1,0
"Kolagu",1152,"Kolagu",1,0
"Pahlawan Tash",1153,"Pahlawan Tash",1,0
"Haji Qul",1154,"Haji Qul",1,0
"Ali Kala",1155,"Ali Kala",1,0
"Seghan",1156,"Seghan",1,0
"Spina Garah",1157,"Spina Garah",1,0
"Farsha",1158,"Farsha",1,0
"Shair Ali Kariz",1159,"Shair Ali Kariz",1,0
"Yangi Qala district",1160,"Yangi Qala district",1,0
"Zewlat",1161,"Zewlat",1,0
"Ismailkhil",1162,"Ismailkhil",1,0
"Khwaja Umari district",1163,"Khwaja Umari district",1,0
"Messo",1164,"Messo",1,0
"Qala Sher",1165,"Qala Sher",1,0
"Dasht-e-Nezan",1166,"Dasht-e-Nezan",1,0
"Sur Baghal",1167,"Sur Baghal",1,0
"Qala Baland",1168,"Qala Baland",1,0
"Shash Gao",1169,"Shash Gao",1,0
"Shakot",1170,"Shakot",1,0
"Shatar",1171,"Shatar",1,0
"Sara Kala",1172,"Sara Kala",1,0
"Loymanda",1173,"Loymanda",1,0
"Gharbi",1174,"Gharbi",1,0
"Chah Anjeer",1175,"Chah Anjeer",1,0
"Kufki",1176,"Kufki",1,0
"Babaji",1177,"Babaji",1,0
"Sayed Karam district",1178,"Sayed Karam district",1,0
"Khak Yarak",1179,"Khak Yarak",1,0
"Moqbil",1180,"Moqbil",1,0
"Lal Por district",1181,"Lal Por district",1,0
"Seema Taam",1182,"Seema Taam",1,0
"Sher Beg",1183,"Sher Beg",1,0
"Jaldak",1184,"Jaldak",1,0
"Kotal",1185,"Kotal",1,0
"Arghandi",1186,"Arghandi",1,0
"Shaygal Wa Shiltan district",1187,"Shaygal Wa Shiltan district",1,0
"Sarobi district",1188,"Sarobi district",1,0
"Dand Shahabuddin",1189,"Dand Shahabuddin",1,0
"Bolandi",1190,"Bolandi",1,0
"Panjshir Naw",1191,"Panjshir Naw",1,0
"Farah district",1192,"Farah district",1,0
"Sangcharak district",1193,"Sangcharak district",1,0
"Salampur",1194,"Salampur",1,0
"Mast Qala",1195,"Mast Qala",1,0
"Qala-e Naw",1196,"Qala-e Naw",1,0
"Pir Qadam",1197,"Pir Qadam",1,0
"Dashti Qala",1198,"Dashti Qala",1,0
"Kukal Dash",1199,"Kukal Dash",1,0
"Koh Sayad",1200,"Koh Sayad",1,0
"Rodbar",1201,"Rodbar",1,0
"Aqso",1202,"Aqso",1,0
"Ghorbandi",1203,"Ghorbandi",1,0
"Nadarabad",1204,"Nadarabad",1,0
"Bai Mogholi",1205,"Bai Mogholi",1,0
"Pir Koti",1206,"Pir Koti",1,0
"Barikot",1207,"Barikot",1,0
"Zard Khak",1208,"Zard Khak",1,0
"Zangal",1209,"Zangal",1,0
"Sperkai",1210,"Sperkai",1,0
"Anar Dara district",1211,"Anar Dara district",1,0
"Adam Kala",1212,"Adam Kala",1,0
"Shir Kala",1213,"Shir Kala",1,0
"Rahim",1214,"Rahim",1,0
"Sarchi",1215,"Sarchi",1,0
"Sangar",1216,"Sangar",1,0
"Kunjak",1217,"Kunjak",1,0
"Jamal Kala",1218,"Jamal Kala",1,0
"Khairabad",1219,"Khairabad",1,0
"Charmestan",1220,"Charmestan",1,0
"Shahabuddin",1221,"Shahabuddin",1,0
"Abbazhai",1222,"Abbazhai",1,0
"Khani Chahar Bagh district",1223,"Khani Chahar Bagh district",1,0
"Dand-i-Shahabuddin",1224,"Dand-i-Shahabuddin",1,0
"Sahra",1225,"Sahra",1,0
"Torghar",1226,"Torghar",1,0
"Shahada district",1227,"Shahada district",1,0
"Kechi",1228,"Kechi",1,0
"Dehdadi district",1229,"Dehdadi district",1,0
"Kalata Nazar",1230,"Kalata Nazar",1,0
"Abdul Rauf",1231,"Abdul Rauf",1,0
"Baba Nazar",1232,"Baba Nazar",1,0
"Dawawa",1233,"Dawawa",1,0
"Jalalzo",1234,"Jalalzo",1,0
"Chahar Sarri",1235,"Chahar Sarri",1,0
"Puli Moemin",1236,"Puli Moemin",1,0
"Sali",1237,"Sali",1,0
"Padshah",1238,"Padshah",1,0
"Sawo",1239,"Sawo",1,0
"Karezak",1240,"Karezak",1,0
"Khowaja Alwan",1241,"Khowaja Alwan",1,0
"Baghawa",1242,"Baghawa",1,0
"Qukal Dash",1243,"Qukal Dash",1,0
"Naqilabad",1244,"Naqilabad",1,0
"Ahmad Abad district",1245,"Ahmad Abad district",1,0
"Hajiabad",1246,"Hajiabad",1,0
"Shaheed Mohsin",1247,"Shaheed Mohsin",1,0
"Kalta Shakh",1248,"Kalta Shakh",1,0
"Labak",1249,"Labak",1,0
"Sang Atesh",1250,"Sang Atesh",1,0
"Gaosiah",1251,"Gaosiah",1,0
"Sia Gird",1252,"Sia Gird",1,0
"Hazrat",1253,"Hazrat",1,0
"Karborai",1254,"Karborai",1,0
"Tahiri",1255,"Tahiri",1,0
"Kamari",1256,"Kamari",1,0
"Qala-i Mirak",1257,"Qala-i Mirak",1,0
"Nawi Qala",1258,"Nawi Qala",1,0
"Farah Rud",1259,"Farah Rud",1,0
"Shahre Kohna",1260,"Shahre Kohna",1,0
"Nawbahar",1261,"Nawbahar",1,0
"Mullah Aman",1262,"Mullah Aman",1,0
"Garmsir district",1263,"Garmsir district",1,0
"Nahar Kohna",1264,"Nahar Kohna",1,0
"Karshak",1265,"Karshak",1,0
"Altamur",1266,"Altamur",1,0
"Zadran",1267,"Zadran",1,0
"Walik",1268,"Walik",1,0
"Mar Ghondai",1269,"Mar Ghondai",1,0
"Tarin Kot district",1270,"Tarin Kot district",1,0
"Qalay-i-Zal",1271,"Qalay-i-Zal",1,0
"Qarah Yatim",1272,"Qarah Yatim",1,0
"Tazi",1273,"Tazi",1,0
"Landwan",1274,"Landwan",1,0
"Mazgin",1275,"Mazgin",1,0
"Qala Haidar Khan",1276,"Qala Haidar Khan",1,0
"Char Qala",1277,"Char Qala",1,0
"Khokab",1278,"Khokab",1,0
"Chashma Sher",1279,"Chashma Sher",1,0
"Ali Khan Qala",1280,"Ali Khan Qala",1,0
"Qaysar Khel",1281,"Qaysar Khel",1,0
"Juma Qala",1282,"Juma Qala",1,0
"Nasro Qala",1283,"Nasro Qala",1,0
"Sachar",1284,"Sachar",1,0
"Bayzo",1285,"Bayzo",1,0
"Towrgondi",1286,"Towrgondi",1,0
"Arzi Balochi",1287,"Arzi Balochi",1,0
"Band Taimor",1288,"Band Taimor",1,0
"Tagab Yari",1289,"Tagab Yari",1,0
"Kotal Siah",1290,"Kotal Siah",1,0
"Dawood Khel",1291,"Dawood Khel",1,0
"Khushal Khel",1292,"Khushal Khel",1,0
"Tagab Shan",1293,"Tagab Shan",1,0
"Kariz",1294,"Kariz",1,0
"Khwaja Sahib",1295,"Khwaja Sahib",1,0
"Ismail Qashlaq",1296,"Ismail Qashlaq",1,0
"Mullah Wali Muhammad Wayala",1297,"Mullah Wali Muhammad Wayala",1,0
"Shah Tegh",1298,"Shah Tegh",1,0
"Jawand district",1299,"Jawand district",1,0
"Salang district",1300,"Salang district",1,0
"Ancho",1301,"Ancho",1,0
"Chaltan",1302,"Chaltan",1,0
"Sher Khan",1303,"Sher Khan",1,0
"Sar Banader",1304,"Sar Banader",1,0
"Qala-i-Naw",1305,"Qala-i-Naw",1,0
"Khushi district",1306,"Khushi district",1,0
"Kohistan district",1307,"Kohistan district",1,0
"Omar",1308,"Omar",1,0
"Kand-i-Kapar",1309,"Kand-i-Kapar",1,0
"Tala Wa Barfak district",1310,"Tala Wa Barfak district",1,0
"Tarkani",1311,"Tarkani",1,0
"Shahi Khel",1312,"Shahi Khel",1,0
"Alqanaq",1313,"Alqanaq",1,0
"Jangal Aregh",1314,"Jangal Aregh",1,0
"Chahar Sari",1315,"Chahar Sari",1,0
"Yaftal-e-Payan",1316,"Yaftal-e-Payan",1,0
"Petawak",1317,"Petawak",1,0
"Taimast",1318,"Taimast",1,0
"Kanjo",1319,"Kanjo",1,0
"Badkhap Roghani",1320,"Badkhap Roghani",1,0
"Andarano",1321,"Andarano",1,0
"Kiki Kotal",1322,"Kiki Kotal",1,0
"Popalzai",1323,"Popalzai",1,0
"Sreh Chahan",1324,"Sreh Chahan",1,0
"Charamgar",1325,"Charamgar",1,0
"Gorigah",1326,"Gorigah",1,0
"Kalantar",1327,"Kalantar",1,0
"Dado Khel",1328,"Dado Khel",1,0
"Langar",1329,"Langar",1,0
"Zebak district",1330,"Zebak district",1,0
"Chahar Shanba Tep",1331,"Chahar Shanba Tep",1,0
"Morchay",1332,"Morchay",1,0
"Dahak",1333,"Dahak",1,0
"Bad Pas",1334,"Bad Pas",1,0
"Sadara",1335,"Sadara",1,0
"Fayzabad",1336,"Fayzabad",1,0
"Kusah Qala",1337,"Kusah Qala",1,0
"Kodalay",1338,"Kodalay",1,0
"Tambakol",1339,"Tambakol",1,0
"Duab",1340,"Duab",1,0
"Nesh district",1341,"Nesh district",1,0
"Arzo",1342,"Arzo",1,0
"Jumuma",1343,"Jumuma",1,0
"Rigreshin",1344,"Rigreshin",1,0
"Mohammad Omar",1345,"Mohammad Omar",1,0
"Baho Qala",1346,"Baho Qala",1,0
"Dab Kotal",1347,"Dab Kotal",1,0
"Karso",1348,"Karso",1,0
"Ruyi Du Ab district",1349,"Ruyi Du Ab district",1,0
"Mullah Ghulam",1350,"Mullah Ghulam",1,0
"Wicha Kholai",1351,"Wicha Kholai",1,0
"Farodin",1352,"Farodin",1,0
"Wardak",1353,"Wardak",1,0
"Jardaq",1354,"Jardaq",1,0
"Shandak Manda",1355,"Shandak Manda",1,0
"Wazir Manda",1356,"Wazir Manda",1,0
"Chaghatak",1357,"Chaghatak",1,0
"Band-e Abgardan",1358,"Band-e Abgardan",1,0
"Taliban",1359,"Taliban",1359,100
